method,n,objective_accuracy,structure_completeness,constraint_coverage,objective_term_coverage,average_runtime_sec
Best-of-K,100,0.81,0.803203571428572,0.9394444444444444,0.9083333333333334,0.10224611262849066
ReplenishVerifier-ConsensusSafe,100,0.83,0.8067105158730163,0.9444444444444444,0.9233333333333333,0.10197590703668538
ReplenishVerifier-Full,100,0.82,0.807578571428572,0.9444444444444444,0.9166666666666667,0.10755604315898382
ReplenishVerifier-FullV2,100,0.82,0.807578571428572,0.9444444444444444,0.9166666666666667,0.10755604315898382
ReplenishVerifier-HybridSafe,100,0.83,0.8067105158730163,0.9444444444444444,0.9233333333333333,0.10197590703668538
ReplenishVerifier-TypeAware-Consensus,100,0.83,0.8067105158730163,0.9444444444444444,0.9233333333333333,0.10197590703668538
