method,n,average_runtime_sec,median_runtime_sec,average_repair_feedback_count
Best-of-K,100,0.07334480768884533,0.07279845300945453,0.0
Consensus only,100,0.06925850716710556,0.06892014099867083,0.0
Direct,100,0.07334480768884533,0.07279845300945453,0.0
ReplenishVerifier-Full,100,0.07336253229877912,0.07279845300945453,0.0
ReplenishVerifier-TypeAware,100,0.06925992443691939,0.06892014099867083,0.0
ReplenishVerifier-TypeAware-Consensus,100,0.06925992443691939,0.06892014099867083,0.0
Solver only,100,0.06933375373715535,0.06893488400964998,0.0
Structure only,100,0.07334480768884533,0.07279845300945453,0.0
